{"soundVolume":0.6586751341819763,"resolutionIndex":0,"textSpeed":31.356477737426759}